cycle,branch,model,modeldate,candidate_inc,candidate_chal,candidate_3rd,evprob_inc,evprob_chal,evprob_3rd,total_ev,timestamp,simulations
2020,President,polls-plus,10/11/2020,Trump,Biden,"",.001575,0,,99,13:41:03 11 Oct 2020,40000
2020,President,polls-plus,10/11/2020,Trump,Biden,"",.001575,0,,98,13:41:03 11 Oct 2020,40000
2020,President,polls-plus,10/11/2020,Trump,Biden,"",.003175,0,,97,13:41:03 11 Oct 2020,40000
2020,President,polls-plus,10/11/2020,Trump,Biden,"",.001575,0,,96,13:41:03 11 Oct 2020,40000
2020,President,polls-plus,10/11/2020,Trump,Biden,"",.00165,0,,95,13:41:03 11 Oct 2020,40000
2020,President,polls-plus,10/11/2020,Trump,Biden,"",.00275,0,,94,13:41:03 11 Oct 2020,40000
2020,President,polls-plus,10/11/2020,Trump,Biden,"",.002075,0,,93,13:41:03 11 Oct 2020,40000
2020,President,polls-plus,10/11/2020,Trump,Biden,"",.0027,0,,92,13:41:03 11 Oct 2020,40000
2020,President,polls-plus,10/11/2020,Trump,Biden,"",.0018,0,,91,13:41:03 11 Oct 2020,40000
2020,President,polls-plus,10/11/2020,Trump,Biden,"",.0007,.000025,,90,13:41:03 11 Oct 2020,40000
2020,President,polls-plus,10/11/2020,Trump,Biden,"",.00005,0,,9,13:41:03 11 Oct 2020,40000
2020,President,polls-plus,10/11/2020,Trump,Biden,"",.0024,0,,89,13:41:03 11 Oct 2020,40000
2020,President,polls-plus,10/11/2020,Trump,Biden,"",.0017,0,,88,13:41:03 11 Oct 2020,40000
2020,President,polls-plus,10/11/2020,Trump,Biden,"",.0014,0,,87,13:41:03 11 Oct 2020,40000
2020,President,polls-plus,10/11/2020,Trump,Biden,"",.0018,0,,86,13:41:03 11 Oct 2020,40000
2020,President,polls-plus,10/11/2020,Trump,Biden,"",.0011,0,,85,13:41:03 11 Oct 2020,40000
2020,President,polls-plus,10/11/2020,Trump,Biden,"",.000775,0,,84,13:41:03 11 Oct 2020,40000
2020,President,polls-plus,10/11/2020,Trump,Biden,"",.00245,0,,83,13:41:03 11 Oct 2020,40000
2020,President,polls-plus,10/11/2020,Trump,Biden,"",.00235,0,,82,13:41:03 11 Oct 2020,40000
2020,President,polls-plus,10/11/2020,Trump,Biden,"",.001025,0,,81,13:41:03 11 Oct 2020,40000
2020,President,polls-plus,10/11/2020,Trump,Biden,"",.0014,.000025,,80,13:41:03 11 Oct 2020,40000
2020,President,polls-plus,10/11/2020,Trump,Biden,"",.0001,0,,8,13:41:03 11 Oct 2020,40000
2020,President,polls-plus,10/11/2020,Trump,Biden,"",.00085,0,,79,13:41:03 11 Oct 2020,40000
2020,President,polls-plus,10/11/2020,Trump,Biden,"",.0011,.000025,,78,13:41:03 11 Oct 2020,40000
2020,President,polls-plus,10/11/2020,Trump,Biden,"",.00155,0,,77,13:41:03 11 Oct 2020,40000
2020,President,polls-plus,10/11/2020,Trump,Biden,"",.00185,0,,76,13:41:03 11 Oct 2020,40000
2020,President,polls-plus,10/11/2020,Trump,Biden,"",.001,0,,75,13:41:03 11 Oct 2020,40000
2020,President,polls-plus,10/11/2020,Trump,Biden,"",.001,0,,74,13:41:03 11 Oct 2020,40000
2020,President,polls-plus,10/11/2020,Trump,Biden,"",.000475,0,,73,13:41:03 11 Oct 2020,40000
2020,President,polls-plus,10/11/2020,Trump,Biden,"",.001325,0,,72,13:41:03 11 Oct 2020,40000
2020,President,polls-plus,10/11/2020,Trump,Biden,"",.0011,0,,71,13:41:03 11 Oct 2020,40000
2020,President,polls-plus,10/11/2020,Trump,Biden,"",.00055,0,,70,13:41:03 11 Oct 2020,40000
2020,President,polls-plus,10/11/2020,Trump,Biden,"",.00005,0,,7,13:41:03 11 Oct 2020,40000
2020,President,polls-plus,10/11/2020,Trump,Biden,"",.001075,0,,69,13:41:03 11 Oct 2020,40000
2020,President,polls-plus,10/11/2020,Trump,Biden,"",.000875,0,,68,13:41:03 11 Oct 2020,40000
2020,President,polls-plus,10/11/2020,Trump,Biden,"",.000675,0,,67,13:41:03 11 Oct 2020,40000
2020,President,polls-plus,10/11/2020,Trump,Biden,"",.00055,0,,66,13:41:03 11 Oct 2020,40000
2020,President,polls-plus,10/11/2020,Trump,Biden,"",.0007,0,,65,13:41:03 11 Oct 2020,40000
2020,President,polls-plus,10/11/2020,Trump,Biden,"",.0005,0,,64,13:41:03 11 Oct 2020,40000
2020,President,polls-plus,10/11/2020,Trump,Biden,"",.000775,0,,63,13:41:03 11 Oct 2020,40000
2020,President,polls-plus,10/11/2020,Trump,Biden,"",.000825,0,,62,13:41:03 11 Oct 2020,40000
2020,President,polls-plus,10/11/2020,Trump,Biden,"",.00065,0,,61,13:41:03 11 Oct 2020,40000
2020,President,polls-plus,10/11/2020,Trump,Biden,"",.000475,.000025,,60,13:41:03 11 Oct 2020,40000
2020,President,polls-plus,10/11/2020,Trump,Biden,"",.000025,0,,6,13:41:03 11 Oct 2020,40000
2020,President,polls-plus,10/11/2020,Trump,Biden,"",.0006,0,,59,13:41:03 11 Oct 2020,40000
2020,President,polls-plus,10/11/2020,Trump,Biden,"",.0006,0,,58,13:41:03 11 Oct 2020,40000
2020,President,polls-plus,10/11/2020,Trump,Biden,"",.00075,0,,57,13:41:03 11 Oct 2020,40000
2020,President,polls-plus,10/11/2020,Trump,Biden,"",.000425,0,,56,13:41:03 11 Oct 2020,40000
2020,President,polls-plus,10/11/2020,Trump,Biden,"",.0007,0,,55,13:41:03 11 Oct 2020,40000
2020,President,polls-plus,10/11/2020,Trump,Biden,"",.000425,0,,54,13:41:03 11 Oct 2020,40000
2020,President,polls-plus,10/11/2020,Trump,Biden,"",0,0,,538,13:41:03 11 Oct 2020,40000
2020,President,polls-plus,10/11/2020,Trump,Biden,"",0,.000175,,537,13:41:03 11 Oct 2020,40000
2020,President,polls-plus,10/11/2020,Trump,Biden,"",0,.000025,,536,13:41:03 11 Oct 2020,40000
2020,President,polls-plus,10/11/2020,Trump,Biden,"",0,.000025,,535,13:41:03 11 Oct 2020,40000
2020,President,polls-plus,10/11/2020,Trump,Biden,"",0,.0005,,534,13:41:03 11 Oct 2020,40000
2020,President,polls-plus,10/11/2020,Trump,Biden,"",0,.00005,,533,13:41:03 11 Oct 2020,40000
2020,President,polls-plus,10/11/2020,Trump,Biden,"",0,.000025,,532,13:41:03 11 Oct 2020,40000
2020,President,polls-plus,10/11/2020,Trump,Biden,"",0,.00005,,531,13:41:03 11 Oct 2020,40000
2020,President,polls-plus,10/11/2020,Trump,Biden,"",0,.0001,,530,13:41:03 11 Oct 2020,40000
2020,President,polls-plus,10/11/2020,Trump,Biden,"",.000225,0,,53,13:41:03 11 Oct 2020,40000
2020,President,polls-plus,10/11/2020,Trump,Biden,"",0,.00005,,529,13:41:03 11 Oct 2020,40000
2020,President,polls-plus,10/11/2020,Trump,Biden,"",0,.0001,,528,13:41:03 11 Oct 2020,40000
2020,President,polls-plus,10/11/2020,Trump,Biden,"",0,.000175,,527,13:41:03 11 Oct 2020,40000
2020,President,polls-plus,10/11/2020,Trump,Biden,"",0,.00005,,526,13:41:03 11 Oct 2020,40000
2020,President,polls-plus,10/11/2020,Trump,Biden,"",0,.000125,,525,13:41:03 11 Oct 2020,40000
2020,President,polls-plus,10/11/2020,Trump,Biden,"",0,.000225,,524,13:41:03 11 Oct 2020,40000
2020,President,polls-plus,10/11/2020,Trump,Biden,"",0,.0002,,523,13:41:03 11 Oct 2020,40000
2020,President,polls-plus,10/11/2020,Trump,Biden,"",0,.000125,,522,13:41:03 11 Oct 2020,40000
2020,President,polls-plus,10/11/2020,Trump,Biden,"",0,.000175,,521,13:41:03 11 Oct 2020,40000
2020,President,polls-plus,10/11/2020,Trump,Biden,"",0,.000225,,520,13:41:03 11 Oct 2020,40000
2020,President,polls-plus,10/11/2020,Trump,Biden,"",.0009,0,,52,13:41:03 11 Oct 2020,40000
2020,President,polls-plus,10/11/2020,Trump,Biden,"",0,.0001,,519,13:41:03 11 Oct 2020,40000
2020,President,polls-plus,10/11/2020,Trump,Biden,"",0,.0001,,518,13:41:03 11 Oct 2020,40000
2020,President,polls-plus,10/11/2020,Trump,Biden,"",0,.00015,,517,13:41:03 11 Oct 2020,40000
2020,President,polls-plus,10/11/2020,Trump,Biden,"",0,.000125,,516,13:41:03 11 Oct 2020,40000
2020,President,polls-plus,10/11/2020,Trump,Biden,"",0,.000325,,515,13:41:03 11 Oct 2020,40000
2020,President,polls-plus,10/11/2020,Trump,Biden,"",0,.000175,,514,13:41:03 11 Oct 2020,40000
2020,President,polls-plus,10/11/2020,Trump,Biden,"",0,.00015,,513,13:41:03 11 Oct 2020,40000
2020,President,polls-plus,10/11/2020,Trump,Biden,"",0,.000175,,512,13:41:03 11 Oct 2020,40000
2020,President,polls-plus,10/11/2020,Trump,Biden,"",0,.000075,,511,13:41:03 11 Oct 2020,40000
2020,President,polls-plus,10/11/2020,Trump,Biden,"",0,.000225,,510,13:41:03 11 Oct 2020,40000
2020,President,polls-plus,10/11/2020,Trump,Biden,"",.000625,0,,51,13:41:03 11 Oct 2020,40000
2020,President,polls-plus,10/11/2020,Trump,Biden,"",0,.0002,,509,13:41:03 11 Oct 2020,40000
2020,President,polls-plus,10/11/2020,Trump,Biden,"",0,.00015,,508,13:41:03 11 Oct 2020,40000
2020,President,polls-plus,10/11/2020,Trump,Biden,"",0,.00025,,507,13:41:03 11 Oct 2020,40000
2020,President,polls-plus,10/11/2020,Trump,Biden,"",0,.000175,,506,13:41:03 11 Oct 2020,40000
2020,President,polls-plus,10/11/2020,Trump,Biden,"",0,.000175,,505,13:41:03 11 Oct 2020,40000
2020,President,polls-plus,10/11/2020,Trump,Biden,"",0,.000425,,504,13:41:03 11 Oct 2020,40000
2020,President,polls-plus,10/11/2020,Trump,Biden,"",0,.00015,,503,13:41:03 11 Oct 2020,40000
2020,President,polls-plus,10/11/2020,Trump,Biden,"",0,.0001,,502,13:41:03 11 Oct 2020,40000
2020,President,polls-plus,10/11/2020,Trump,Biden,"",0,.000375,,501,13:41:03 11 Oct 2020,40000
2020,President,polls-plus,10/11/2020,Trump,Biden,"",0,.00025,,500,13:41:03 11 Oct 2020,40000
2020,President,polls-plus,10/11/2020,Trump,Biden,"",.00025,0,,50,13:41:03 11 Oct 2020,40000
2020,President,polls-plus,10/11/2020,Trump,Biden,"",.00005,0,,5,13:41:03 11 Oct 2020,40000
2020,President,polls-plus,10/11/2020,Trump,Biden,"",0,.000375,,499,13:41:03 11 Oct 2020,40000
2020,President,polls-plus,10/11/2020,Trump,Biden,"",0,.000275,,498,13:41:03 11 Oct 2020,40000
2020,President,polls-plus,10/11/2020,Trump,Biden,"",0,.000175,,497,13:41:03 11 Oct 2020,40000
2020,President,polls-plus,10/11/2020,Trump,Biden,"",0,.00025,,496,13:41:03 11 Oct 2020,40000
2020,President,polls-plus,10/11/2020,Trump,Biden,"",0,.000175,,495,13:41:03 11 Oct 2020,40000
2020,President,polls-plus,10/11/2020,Trump,Biden,"",0,.00025,,494,13:41:03 11 Oct 2020,40000
2020,President,polls-plus,10/11/2020,Trump,Biden,"",0,.0004,,493,13:41:03 11 Oct 2020,40000
2020,President,polls-plus,10/11/2020,Trump,Biden,"",0,.000475,,492,13:41:03 11 Oct 2020,40000
2020,President,polls-plus,10/11/2020,Trump,Biden,"",0,.0001,,491,13:41:03 11 Oct 2020,40000
2020,President,polls-plus,10/11/2020,Trump,Biden,"",.000025,.0004,,490,13:41:03 11 Oct 2020,40000
2020,President,polls-plus,10/11/2020,Trump,Biden,"",.0006,0,,49,13:41:03 11 Oct 2020,40000
2020,President,polls-plus,10/11/2020,Trump,Biden,"",0,.0006,,489,13:41:03 11 Oct 2020,40000
2020,President,polls-plus,10/11/2020,Trump,Biden,"",0,.00025,,488,13:41:03 11 Oct 2020,40000
2020,President,polls-plus,10/11/2020,Trump,Biden,"",0,.000625,,487,13:41:03 11 Oct 2020,40000
2020,President,polls-plus,10/11/2020,Trump,Biden,"",0,.0009,,486,13:41:03 11 Oct 2020,40000
2020,President,polls-plus,10/11/2020,Trump,Biden,"",0,.000225,,485,13:41:03 11 Oct 2020,40000
2020,President,polls-plus,10/11/2020,Trump,Biden,"",0,.000425,,484,13:41:03 11 Oct 2020,40000
2020,President,polls-plus,10/11/2020,Trump,Biden,"",0,.0007,,483,13:41:03 11 Oct 2020,40000
2020,President,polls-plus,10/11/2020,Trump,Biden,"",0,.000425,,482,13:41:03 11 Oct 2020,40000
2020,President,polls-plus,10/11/2020,Trump,Biden,"",0,.00075,,481,13:41:03 11 Oct 2020,40000
2020,President,polls-plus,10/11/2020,Trump,Biden,"",0,.0006,,480,13:41:03 11 Oct 2020,40000
2020,President,polls-plus,10/11/2020,Trump,Biden,"",.0004,.000025,,48,13:41:03 11 Oct 2020,40000
2020,President,polls-plus,10/11/2020,Trump,Biden,"",0,.0006,,479,13:41:03 11 Oct 2020,40000
2020,President,polls-plus,10/11/2020,Trump,Biden,"",.000025,.000475,,478,13:41:03 11 Oct 2020,40000
2020,President,polls-plus,10/11/2020,Trump,Biden,"",0,.00065,,477,13:41:03 11 Oct 2020,40000
2020,President,polls-plus,10/11/2020,Trump,Biden,"",0,.000825,,476,13:41:03 11 Oct 2020,40000
2020,President,polls-plus,10/11/2020,Trump,Biden,"",0,.000775,,475,13:41:03 11 Oct 2020,40000
2020,President,polls-plus,10/11/2020,Trump,Biden,"",0,.0005,,474,13:41:03 11 Oct 2020,40000
2020,President,polls-plus,10/11/2020,Trump,Biden,"",0,.0007,,473,13:41:03 11 Oct 2020,40000
2020,President,polls-plus,10/11/2020,Trump,Biden,"",0,.00055,,472,13:41:03 11 Oct 2020,40000
2020,President,polls-plus,10/11/2020,Trump,Biden,"",0,.000675,,471,13:41:03 11 Oct 2020,40000
2020,President,polls-plus,10/11/2020,Trump,Biden,"",0,.000875,,470,13:41:03 11 Oct 2020,40000
2020,President,polls-plus,10/11/2020,Trump,Biden,"",.0001,0,,47,13:41:03 11 Oct 2020,40000
2020,President,polls-plus,10/11/2020,Trump,Biden,"",0,.001075,,469,13:41:03 11 Oct 2020,40000
2020,President,polls-plus,10/11/2020,Trump,Biden,"",0,.00055,,468,13:41:03 11 Oct 2020,40000
2020,President,polls-plus,10/11/2020,Trump,Biden,"",0,.0011,,467,13:41:03 11 Oct 2020,40000
2020,President,polls-plus,10/11/2020,Trump,Biden,"",0,.001325,,466,13:41:03 11 Oct 2020,40000
2020,President,polls-plus,10/11/2020,Trump,Biden,"",0,.000475,,465,13:41:03 11 Oct 2020,40000
2020,President,polls-plus,10/11/2020,Trump,Biden,"",0,.001,,464,13:41:03 11 Oct 2020,40000
2020,President,polls-plus,10/11/2020,Trump,Biden,"",0,.001,,463,13:41:03 11 Oct 2020,40000
2020,President,polls-plus,10/11/2020,Trump,Biden,"",0,.00185,,462,13:41:03 11 Oct 2020,40000
2020,President,polls-plus,10/11/2020,Trump,Biden,"",0,.00155,,461,13:41:03 11 Oct 2020,40000
2020,President,polls-plus,10/11/2020,Trump,Biden,"",.000025,.0011,,460,13:41:03 11 Oct 2020,40000
2020,President,polls-plus,10/11/2020,Trump,Biden,"",.000475,0,,46,13:41:03 11 Oct 2020,40000
2020,President,polls-plus,10/11/2020,Trump,Biden,"",0,.00085,,459,13:41:03 11 Oct 2020,40000
2020,President,polls-plus,10/11/2020,Trump,Biden,"",.000025,.0014,,458,13:41:03 11 Oct 2020,40000
2020,President,polls-plus,10/11/2020,Trump,Biden,"",0,.001025,,457,13:41:03 11 Oct 2020,40000
2020,President,polls-plus,10/11/2020,Trump,Biden,"",0,.00235,,456,13:41:03 11 Oct 2020,40000
2020,President,polls-plus,10/11/2020,Trump,Biden,"",0,.00245,,455,13:41:03 11 Oct 2020,40000
2020,President,polls-plus,10/11/2020,Trump,Biden,"",0,.000775,,454,13:41:03 11 Oct 2020,40000
2020,President,polls-plus,10/11/2020,Trump,Biden,"",0,.0011,,453,13:41:03 11 Oct 2020,40000
2020,President,polls-plus,10/11/2020,Trump,Biden,"",0,.0018,,452,13:41:03 11 Oct 2020,40000
2020,President,polls-plus,10/11/2020,Trump,Biden,"",0,.0014,,451,13:41:03 11 Oct 2020,40000
2020,President,polls-plus,10/11/2020,Trump,Biden,"",0,.0017,,450,13:41:03 11 Oct 2020,40000
2020,President,polls-plus,10/11/2020,Trump,Biden,"",.0004,0,,45,13:41:03 11 Oct 2020,40000
2020,President,polls-plus,10/11/2020,Trump,Biden,"",0,.0024,,449,13:41:03 11 Oct 2020,40000
2020,President,polls-plus,10/11/2020,Trump,Biden,"",.000025,.0007,,448,13:41:03 11 Oct 2020,40000
2020,President,polls-plus,10/11/2020,Trump,Biden,"",0,.0018,,447,13:41:03 11 Oct 2020,40000
2020,President,polls-plus,10/11/2020,Trump,Biden,"",0,.0027,,446,13:41:03 11 Oct 2020,40000
2020,President,polls-plus,10/11/2020,Trump,Biden,"",0,.002075,,445,13:41:03 11 Oct 2020,40000
2020,President,polls-plus,10/11/2020,Trump,Biden,"",0,.00275,,444,13:41:03 11 Oct 2020,40000
2020,President,polls-plus,10/11/2020,Trump,Biden,"",0,.00165,,443,13:41:03 11 Oct 2020,40000
2020,President,polls-plus,10/11/2020,Trump,Biden,"",0,.001575,,442,13:41:03 11 Oct 2020,40000
2020,President,polls-plus,10/11/2020,Trump,Biden,"",0,.003175,,441,13:41:03 11 Oct 2020,40000
2020,President,polls-plus,10/11/2020,Trump,Biden,"",0,.001575,,440,13:41:03 11 Oct 2020,40000
2020,President,polls-plus,10/11/2020,Trump,Biden,"",.00025,0,,44,13:41:03 11 Oct 2020,40000
2020,President,polls-plus,10/11/2020,Trump,Biden,"",0,.001575,,439,13:41:03 11 Oct 2020,40000
2020,President,polls-plus,10/11/2020,Trump,Biden,"",0,.00405,,438,13:41:03 11 Oct 2020,40000
2020,President,polls-plus,10/11/2020,Trump,Biden,"",0,.001875,,437,13:41:03 11 Oct 2020,40000
2020,President,polls-plus,10/11/2020,Trump,Biden,"",.000025,.002725,,436,13:41:03 11 Oct 2020,40000
2020,President,polls-plus,10/11/2020,Trump,Biden,"",.000025,.006075,,435,13:41:03 11 Oct 2020,40000
2020,President,polls-plus,10/11/2020,Trump,Biden,"",0,.0021,,434,13:41:03 11 Oct 2020,40000
2020,President,polls-plus,10/11/2020,Trump,Biden,"",0,.0015,,433,13:41:03 11 Oct 2020,40000
2020,President,polls-plus,10/11/2020,Trump,Biden,"",0,.003325,,432,13:41:03 11 Oct 2020,40000
2020,President,polls-plus,10/11/2020,Trump,Biden,"",0,.00455,,431,13:41:03 11 Oct 2020,40000
2020,President,polls-plus,10/11/2020,Trump,Biden,"",.000025,.002275,,430,13:41:03 11 Oct 2020,40000
2020,President,polls-plus,10/11/2020,Trump,Biden,"",.000175,0,,43,13:41:03 11 Oct 2020,40000
2020,President,polls-plus,10/11/2020,Trump,Biden,"",0,.003,,429,13:41:03 11 Oct 2020,40000
2020,President,polls-plus,10/11/2020,Trump,Biden,"",0,.005325,,428,13:41:03 11 Oct 2020,40000
2020,President,polls-plus,10/11/2020,Trump,Biden,"",.000025,.00335,,427,13:41:03 11 Oct 2020,40000
2020,President,polls-plus,10/11/2020,Trump,Biden,"",0,.0048,,426,13:41:03 11 Oct 2020,40000
2020,President,polls-plus,10/11/2020,Trump,Biden,"",0,.0074,,425,13:41:03 11 Oct 2020,40000
2020,President,polls-plus,10/11/2020,Trump,Biden,"",0,.001975,,424,13:41:03 11 Oct 2020,40000
2020,President,polls-plus,10/11/2020,Trump,Biden,"",0,.0027,,423,13:41:03 11 Oct 2020,40000
2020,President,polls-plus,10/11/2020,Trump,Biden,"",0,.009325,,422,13:41:03 11 Oct 2020,40000
2020,President,polls-plus,10/11/2020,Trump,Biden,"",.000025,.005425,,421,13:41:03 11 Oct 2020,40000
2020,President,polls-plus,10/11/2020,Trump,Biden,"",0,.00175,,420,13:41:03 11 Oct 2020,40000
2020,President,polls-plus,10/11/2020,Trump,Biden,"",.00025,0,,42,13:41:03 11 Oct 2020,40000
2020,President,polls-plus,10/11/2020,Trump,Biden,"",0,.007075,,419,13:41:03 11 Oct 2020,40000
2020,President,polls-plus,10/11/2020,Trump,Biden,"",.000025,.002525,,418,13:41:03 11 Oct 2020,40000
2020,President,polls-plus,10/11/2020,Trump,Biden,"",0,.001625,,417,13:41:03 11 Oct 2020,40000
2020,President,polls-plus,10/11/2020,Trump,Biden,"",0,.01665,,416,13:41:03 11 Oct 2020,40000
2020,President,polls-plus,10/11/2020,Trump,Biden,"",.000025,.005525,,415,13:41:03 11 Oct 2020,40000
2020,President,polls-plus,10/11/2020,Trump,Biden,"",0,.001575,,414,13:41:03 11 Oct 2020,40000
2020,President,polls-plus,10/11/2020,Trump,Biden,"",0,.0269,,413,13:41:03 11 Oct 2020,40000
2020,President,polls-plus,10/11/2020,Trump,Biden,"",.000025,.016275,,412,13:41:03 11 Oct 2020,40000
2020,President,polls-plus,10/11/2020,Trump,Biden,"",0,.00195,,411,13:41:03 11 Oct 2020,40000
2020,President,polls-plus,10/11/2020,Trump,Biden,"",0,.00205,,410,13:41:03 11 Oct 2020,40000
2020,President,polls-plus,10/11/2020,Trump,Biden,"",.000175,0,,41,13:41:03 11 Oct 2020,40000
2020,President,polls-plus,10/11/2020,Trump,Biden,"",0,.0021,,409,13:41:03 11 Oct 2020,40000
2020,President,polls-plus,10/11/2020,Trump,Biden,"",.000025,.00135,,408,13:41:03 11 Oct 2020,40000
2020,President,polls-plus,10/11/2020,Trump,Biden,"",0,.004,,407,13:41:03 11 Oct 2020,40000
2020,President,polls-plus,10/11/2020,Trump,Biden,"",0,.007,,406,13:41:03 11 Oct 2020,40000
2020,President,polls-plus,10/11/2020,Trump,Biden,"",0,.001475,,405,13:41:03 11 Oct 2020,40000
2020,President,polls-plus,10/11/2020,Trump,Biden,"",.000025,.001275,,404,13:41:03 11 Oct 2020,40000
2020,President,polls-plus,10/11/2020,Trump,Biden,"",.000025,.002325,,403,13:41:03 11 Oct 2020,40000
2020,President,polls-plus,10/11/2020,Trump,Biden,"",0,.001775,,402,13:41:03 11 Oct 2020,40000
2020,President,polls-plus,10/11/2020,Trump,Biden,"",.00005,.0015,,401,13:41:03 11 Oct 2020,40000
2020,President,polls-plus,10/11/2020,Trump,Biden,"",.0001,.0046,,400,13:41:03 11 Oct 2020,40000
2020,President,polls-plus,10/11/2020,Trump,Biden,"",.000275,0,,40,13:41:03 11 Oct 2020,40000
2020,President,polls-plus,10/11/2020,Trump,Biden,"",.0005,0,,4,13:41:03 11 Oct 2020,40000
2020,President,polls-plus,10/11/2020,Trump,Biden,"",.00005,.001525,,399,13:41:03 11 Oct 2020,40000
2020,President,polls-plus,10/11/2020,Trump,Biden,"",0,.001775,,398,13:41:03 11 Oct 2020,40000
2020,President,polls-plus,10/11/2020,Trump,Biden,"",.000025,.006825,,397,13:41:03 11 Oct 2020,40000
2020,President,polls-plus,10/11/2020,Trump,Biden,"",.000075,.003125,,396,13:41:03 11 Oct 2020,40000
2020,President,polls-plus,10/11/2020,Trump,Biden,"",.000025,.002075,,395,13:41:03 11 Oct 2020,40000
2020,President,polls-plus,10/11/2020,Trump,Biden,"",0,.004325,,394,13:41:03 11 Oct 2020,40000
2020,President,polls-plus,10/11/2020,Trump,Biden,"",0,.001575,,393,13:41:03 11 Oct 2020,40000
2020,President,polls-plus,10/11/2020,Trump,Biden,"",.000025,.001175,,392,13:41:03 11 Oct 2020,40000
2020,President,polls-plus,10/11/2020,Trump,Biden,"",0,.0032,,391,13:41:03 11 Oct 2020,40000
2020,President,polls-plus,10/11/2020,Trump,Biden,"",.00005,.004225,,390,13:41:03 11 Oct 2020,40000
2020,President,polls-plus,10/11/2020,Trump,Biden,"",.000375,0,,39,13:41:03 11 Oct 2020,40000
2020,President,polls-plus,10/11/2020,Trump,Biden,"",.000075,.001825,,389,13:41:03 11 Oct 2020,40000
2020,President,polls-plus,10/11/2020,Trump,Biden,"",0,.0054,,388,13:41:03 11 Oct 2020,40000
2020,President,polls-plus,10/11/2020,Trump,Biden,"",.00005,.002575,,387,13:41:03 11 Oct 2020,40000
2020,President,polls-plus,10/11/2020,Trump,Biden,"",.000025,.001525,,386,13:41:03 11 Oct 2020,40000
2020,President,polls-plus,10/11/2020,Trump,Biden,"",.00005,.001875,,385,13:41:03 11 Oct 2020,40000
2020,President,polls-plus,10/11/2020,Trump,Biden,"",.00005,.0035,,384,13:41:03 11 Oct 2020,40000
2020,President,polls-plus,10/11/2020,Trump,Biden,"",.000075,.0024,,383,13:41:03 11 Oct 2020,40000
2020,President,polls-plus,10/11/2020,Trump,Biden,"",.000025,.001975,,382,13:41:03 11 Oct 2020,40000
2020,President,polls-plus,10/11/2020,Trump,Biden,"",.000075,.004925,,381,13:41:03 11 Oct 2020,40000
2020,President,polls-plus,10/11/2020,Trump,Biden,"",.000025,.0023,,380,13:41:03 11 Oct 2020,40000
2020,President,polls-plus,10/11/2020,Trump,Biden,"",.00025,0,,38,13:41:03 11 Oct 2020,40000
2020,President,polls-plus,10/11/2020,Trump,Biden,"",.000075,.002175,,379,13:41:03 11 Oct 2020,40000
2020,President,polls-plus,10/11/2020,Trump,Biden,"",.000075,.009625,,378,13:41:03 11 Oct 2020,40000
2020,President,polls-plus,10/11/2020,Trump,Biden,"",.0001,.00305,,377,13:41:03 11 Oct 2020,40000
2020,President,polls-plus,10/11/2020,Trump,Biden,"",.000225,.001975,,376,13:41:03 11 Oct 2020,40000
2020,President,polls-plus,10/11/2020,Trump,Biden,"",.000075,.025375,,375,13:41:03 11 Oct 2020,40000
2020,President,polls-plus,10/11/2020,Trump,Biden,"",.00015,.013275,,374,13:41:03 11 Oct 2020,40000
2020,President,polls-plus,10/11/2020,Trump,Biden,"",.000025,.00245,,373,13:41:03 11 Oct 2020,40000
2020,President,polls-plus,10/11/2020,Trump,Biden,"",.000025,.00445,,372,13:41:03 11 Oct 2020,40000
2020,President,polls-plus,10/11/2020,Trump,Biden,"",.0001,.002525,,371,13:41:03 11 Oct 2020,40000
2020,President,polls-plus,10/11/2020,Trump,Biden,"",0,.0016,,370,13:41:03 11 Oct 2020,40000
2020,President,polls-plus,10/11/2020,Trump,Biden,"",.000375,0,,37,13:41:03 11 Oct 2020,40000
2020,President,polls-plus,10/11/2020,Trump,Biden,"",.000325,.006075,,369,13:41:03 11 Oct 2020,40000
2020,President,polls-plus,10/11/2020,Trump,Biden,"",.000025,.010325,,368,13:41:03 11 Oct 2020,40000
2020,President,polls-plus,10/11/2020,Trump,Biden,"",.000025,.002525,,367,13:41:03 11 Oct 2020,40000
2020,President,polls-plus,10/11/2020,Trump,Biden,"",.00025,.00175,,366,13:41:03 11 Oct 2020,40000
2020,President,polls-plus,10/11/2020,Trump,Biden,"",.000075,.0043,,365,13:41:03 11 Oct 2020,40000
2020,President,polls-plus,10/11/2020,Trump,Biden,"",.000225,.004425,,364,13:41:03 11 Oct 2020,40000
2020,President,polls-plus,10/11/2020,Trump,Biden,"",.000375,.00265,,363,13:41:03 11 Oct 2020,40000
2020,President,polls-plus,10/11/2020,Trump,Biden,"",.0008,.008575,,362,13:41:03 11 Oct 2020,40000
2020,President,polls-plus,10/11/2020,Trump,Biden,"",.0001,.00285,,361,13:41:03 11 Oct 2020,40000
2020,President,polls-plus,10/11/2020,Trump,Biden,"",.000175,.0031,,360,13:41:03 11 Oct 2020,40000
2020,President,polls-plus,10/11/2020,Trump,Biden,"",.0001,0,,36,13:41:03 11 Oct 2020,40000
2020,President,polls-plus,10/11/2020,Trump,Biden,"",.0001,.02135,,359,13:41:03 11 Oct 2020,40000
2020,President,polls-plus,10/11/2020,Trump,Biden,"",.000125,.008725,,358,13:41:03 11 Oct 2020,40000
2020,President,polls-plus,10/11/2020,Trump,Biden,"",.000325,.005975,,357,13:41:03 11 Oct 2020,40000
2020,President,polls-plus,10/11/2020,Trump,Biden,"",.000325,.0064,,356,13:41:03 11 Oct 2020,40000
2020,President,polls-plus,10/11/2020,Trump,Biden,"",.00105,.001925,,355,13:41:03 11 Oct 2020,40000
2020,President,polls-plus,10/11/2020,Trump,Biden,"",.0002,.002325,,354,13:41:03 11 Oct 2020,40000
2020,President,polls-plus,10/11/2020,Trump,Biden,"",.00035,.011525,,353,13:41:03 11 Oct 2020,40000
2020,President,polls-plus,10/11/2020,Trump,Biden,"",.0001,.010575,,352,13:41:03 11 Oct 2020,40000
2020,President,polls-plus,10/11/2020,Trump,Biden,"",.000225,.003825,,351,13:41:03 11 Oct 2020,40000
2020,President,polls-plus,10/11/2020,Trump,Biden,"",.001325,.010925,,350,13:41:03 11 Oct 2020,40000
2020,President,polls-plus,10/11/2020,Trump,Biden,"",.00015,0,,35,13:41:03 11 Oct 2020,40000
2020,President,polls-plus,10/11/2020,Trump,Biden,"",.001075,.00265,,349,13:41:03 11 Oct 2020,40000
2020,President,polls-plus,10/11/2020,Trump,Biden,"",.00065,.005375,,348,13:41:03 11 Oct 2020,40000
2020,President,polls-plus,10/11/2020,Trump,Biden,"",.000275,.00355,,347,13:41:03 11 Oct 2020,40000
2020,President,polls-plus,10/11/2020,Trump,Biden,"",.0004,.0031,,346,13:41:03 11 Oct 2020,40000
2020,President,polls-plus,10/11/2020,Trump,Biden,"",.000425,.002375,,345,13:41:03 11 Oct 2020,40000
2020,President,polls-plus,10/11/2020,Trump,Biden,"",.001,.007175,,344,13:41:03 11 Oct 2020,40000
2020,President,polls-plus,10/11/2020,Trump,Biden,"",.00045,.0048,,343,13:41:03 11 Oct 2020,40000
2020,President,polls-plus,10/11/2020,Trump,Biden,"",.0018,.005375,,342,13:41:03 11 Oct 2020,40000
2020,President,polls-plus,10/11/2020,Trump,Biden,"",.000375,.0075,,341,13:41:03 11 Oct 2020,40000
2020,President,polls-plus,10/11/2020,Trump,Biden,"",.00125,.005375,,340,13:41:03 11 Oct 2020,40000
2020,President,polls-plus,10/11/2020,Trump,Biden,"",.000425,0,,34,13:41:03 11 Oct 2020,40000
2020,President,polls-plus,10/11/2020,Trump,Biden,"",.000525,.004625,,339,13:41:03 11 Oct 2020,40000
2020,President,polls-plus,10/11/2020,Trump,Biden,"",.000725,.0045,,338,13:41:03 11 Oct 2020,40000
2020,President,polls-plus,10/11/2020,Trump,Biden,"",.004575,.00725,,337,13:41:03 11 Oct 2020,40000
2020,President,polls-plus,10/11/2020,Trump,Biden,"",.000625,.001975,,336,13:41:03 11 Oct 2020,40000
2020,President,polls-plus,10/11/2020,Trump,Biden,"",.0028,.00815,,335,13:41:03 11 Oct 2020,40000
2020,President,polls-plus,10/11/2020,Trump,Biden,"",.00035,.014725,,334,13:41:03 11 Oct 2020,40000
2020,President,polls-plus,10/11/2020,Trump,Biden,"",.000725,.00545,,333,13:41:03 11 Oct 2020,40000
2020,President,polls-plus,10/11/2020,Trump,Biden,"",.000425,.00235,,332,13:41:03 11 Oct 2020,40000
2020,President,polls-plus,10/11/2020,Trump,Biden,"",.00145,.00215,,331,13:41:03 11 Oct 2020,40000
2020,President,polls-plus,10/11/2020,Trump,Biden,"",.0006,.00355,,330,13:41:03 11 Oct 2020,40000
2020,President,polls-plus,10/11/2020,Trump,Biden,"",.000175,0,,33,13:41:03 11 Oct 2020,40000
2020,President,polls-plus,10/11/2020,Trump,Biden,"",.000725,.00335,,329,13:41:03 11 Oct 2020,40000
2020,President,polls-plus,10/11/2020,Trump,Biden,"",.003525,.0022,,328,13:41:03 11 Oct 2020,40000
2020,President,polls-plus,10/11/2020,Trump,Biden,"",.000675,.002775,,327,13:41:03 11 Oct 2020,40000
2020,President,polls-plus,10/11/2020,Trump,Biden,"",.0033,.00385,,326,13:41:03 11 Oct 2020,40000
2020,President,polls-plus,10/11/2020,Trump,Biden,"",.0011,.0043,,325,13:41:03 11 Oct 2020,40000
2020,President,polls-plus,10/11/2020,Trump,Biden,"",.0002,.0056,,324,13:41:03 11 Oct 2020,40000
2020,President,polls-plus,10/11/2020,Trump,Biden,"",.00075,.0095,,323,13:41:03 11 Oct 2020,40000
2020,President,polls-plus,10/11/2020,Trump,Biden,"",.002775,.00435,,322,13:41:03 11 Oct 2020,40000
2020,President,polls-plus,10/11/2020,Trump,Biden,"",.001225,.0018,,321,13:41:03 11 Oct 2020,40000
2020,President,polls-plus,10/11/2020,Trump,Biden,"",.001175,.004425,,320,13:41:03 11 Oct 2020,40000
2020,President,polls-plus,10/11/2020,Trump,Biden,"",.000175,0,,32,13:41:03 11 Oct 2020,40000
2020,President,polls-plus,10/11/2020,Trump,Biden,"",.00115,.021775,,319,13:41:03 11 Oct 2020,40000
2020,President,polls-plus,10/11/2020,Trump,Biden,"",.0016,.0073,,318,13:41:03 11 Oct 2020,40000
2020,President,polls-plus,10/11/2020,Trump,Biden,"",.001225,.002925,,317,13:41:03 11 Oct 2020,40000
2020,President,polls-plus,10/11/2020,Trump,Biden,"",.002025,.003575,,316,13:41:03 11 Oct 2020,40000
2020,President,polls-plus,10/11/2020,Trump,Biden,"",.0011,.00415,,315,13:41:03 11 Oct 2020,40000
2020,President,polls-plus,10/11/2020,Trump,Biden,"",.0007,.0043,,314,13:41:03 11 Oct 2020,40000
2020,President,polls-plus,10/11/2020,Trump,Biden,"",.0009,.005575,,313,13:41:03 11 Oct 2020,40000
2020,President,polls-plus,10/11/2020,Trump,Biden,"",.003375,.0034,,312,13:41:03 11 Oct 2020,40000
2020,President,polls-plus,10/11/2020,Trump,Biden,"",.001875,.001375,,311,13:41:03 11 Oct 2020,40000
2020,President,polls-plus,10/11/2020,Trump,Biden,"",.002275,.002,,310,13:41:03 11 Oct 2020,40000
2020,President,polls-plus,10/11/2020,Trump,Biden,"",.00025,0,,31,13:41:03 11 Oct 2020,40000
2020,President,polls-plus,10/11/2020,Trump,Biden,"",.00105,.00415,,309,13:41:03 11 Oct 2020,40000
2020,President,polls-plus,10/11/2020,Trump,Biden,"",.000775,.010525,,308,13:41:03 11 Oct 2020,40000
2020,President,polls-plus,10/11/2020,Trump,Biden,"",.00075,.004775,,307,13:41:03 11 Oct 2020,40000
2020,President,polls-plus,10/11/2020,Trump,Biden,"",.002725,.001775,,306,13:41:03 11 Oct 2020,40000
2020,President,polls-plus,10/11/2020,Trump,Biden,"",.001675,.002775,,305,13:41:03 11 Oct 2020,40000
2020,President,polls-plus,10/11/2020,Trump,Biden,"",.00135,.00335,,304,13:41:03 11 Oct 2020,40000
2020,President,polls-plus,10/11/2020,Trump,Biden,"",.000775,.002725,,303,13:41:03 11 Oct 2020,40000
2020,President,polls-plus,10/11/2020,Trump,Biden,"",.001775,.002875,,302,13:41:03 11 Oct 2020,40000
2020,President,polls-plus,10/11/2020,Trump,Biden,"",.00175,.002025,,301,13:41:03 11 Oct 2020,40000
2020,President,polls-plus,10/11/2020,Trump,Biden,"",.002525,.001525,,300,13:41:03 11 Oct 2020,40000
2020,President,polls-plus,10/11/2020,Trump,Biden,"",.00015,0,,30,13:41:03 11 Oct 2020,40000
2020,President,polls-plus,10/11/2020,Trump,Biden,"",.000025,0,,3,13:41:03 11 Oct 2020,40000
2020,President,polls-plus,10/11/2020,Trump,Biden,"",.0012,.00185,,299,13:41:03 11 Oct 2020,40000
2020,President,polls-plus,10/11/2020,Trump,Biden,"",.00085,.004925,,298,13:41:03 11 Oct 2020,40000
2020,President,polls-plus,10/11/2020,Trump,Biden,"",.00085,.00385,,297,13:41:03 11 Oct 2020,40000
2020,President,polls-plus,10/11/2020,Trump,Biden,"",.003975,.00185,,296,13:41:03 11 Oct 2020,40000
2020,President,polls-plus,10/11/2020,Trump,Biden,"",.003225,.003875,,295,13:41:03 11 Oct 2020,40000
2020,President,polls-plus,10/11/2020,Trump,Biden,"",.0019,.006725,,294,13:41:03 11 Oct 2020,40000
2020,President,polls-plus,10/11/2020,Trump,Biden,"",.0015,.00395,,293,13:41:03 11 Oct 2020,40000
2020,President,polls-plus,10/11/2020,Trump,Biden,"",.001525,.002375,,292,13:41:03 11 Oct 2020,40000
2020,President,polls-plus,10/11/2020,Trump,Biden,"",.001775,.002825,,291,13:41:03 11 Oct 2020,40000
2020,President,polls-plus,10/11/2020,Trump,Biden,"",.00335,.00725,,290,13:41:03 11 Oct 2020,40000
2020,President,polls-plus,10/11/2020,Trump,Biden,"",.0002,0,,29,13:41:03 11 Oct 2020,40000
2020,President,polls-plus,10/11/2020,Trump,Biden,"",.00205,.00445,,289,13:41:03 11 Oct 2020,40000
2020,President,polls-plus,10/11/2020,Trump,Biden,"",.000725,.002775,,288,13:41:03 11 Oct 2020,40000
2020,President,polls-plus,10/11/2020,Trump,Biden,"",.000675,.002225,,287,13:41:03 11 Oct 2020,40000
2020,President,polls-plus,10/11/2020,Trump,Biden,"",.0029,.00215,,286,13:41:03 11 Oct 2020,40000
2020,President,polls-plus,10/11/2020,Trump,Biden,"",.002875,.0022,,285,13:41:03 11 Oct 2020,40000
2020,President,polls-plus,10/11/2020,Trump,Biden,"",.001875,.0028,,284,13:41:03 11 Oct 2020,40000
2020,President,polls-plus,10/11/2020,Trump,Biden,"",.001075,.002775,,283,13:41:03 11 Oct 2020,40000
2020,President,polls-plus,10/11/2020,Trump,Biden,"",.00185,.0026,,282,13:41:03 11 Oct 2020,40000
2020,President,polls-plus,10/11/2020,Trump,Biden,"",.0011,.001475,,281,13:41:03 11 Oct 2020,40000
2020,President,polls-plus,10/11/2020,Trump,Biden,"",.00325,.005375,,280,13:41:03 11 Oct 2020,40000
2020,President,polls-plus,10/11/2020,Trump,Biden,"",.000225,0,,28,13:41:03 11 Oct 2020,40000
2020,President,polls-plus,10/11/2020,Trump,Biden,"",.00295,.0158,,279,13:41:03 11 Oct 2020,40000
2020,President,polls-plus,10/11/2020,Trump,Biden,"",.000825,.008275,,278,13:41:03 11 Oct 2020,40000
2020,President,polls-plus,10/11/2020,Trump,Biden,"",.00095,.001825,,277,13:41:03 11 Oct 2020,40000
2020,President,polls-plus,10/11/2020,Trump,Biden,"",.003775,.001425,,276,13:41:03 11 Oct 2020,40000
2020,President,polls-plus,10/11/2020,Trump,Biden,"",.0037,.0017,,275,13:41:03 11 Oct 2020,40000
2020,President,polls-plus,10/11/2020,Trump,Biden,"",.00245,.004,,274,13:41:03 11 Oct 2020,40000
2020,President,polls-plus,10/11/2020,Trump,Biden,"",.0013,.006575,,273,13:41:03 11 Oct 2020,40000
2020,President,polls-plus,10/11/2020,Trump,Biden,"",.0013,.00375,,272,13:41:03 11 Oct 2020,40000
2020,President,polls-plus,10/11/2020,Trump,Biden,"",.001275,.00125,,271,13:41:03 11 Oct 2020,40000
2020,President,polls-plus,10/11/2020,Trump,Biden,"",.00475,.0014,,270,13:41:03 11 Oct 2020,40000
2020,President,polls-plus,10/11/2020,Trump,Biden,"",.000075,0,,27,13:41:03 11 Oct 2020,40000
2020,President,polls-plus,10/11/2020,Trump,Biden,"",.004025,.004025,,269,13:41:03 11 Oct 2020,40000
2020,President,polls-plus,10/11/2020,Trump,Biden,"",.0014,.00475,,268,13:41:03 11 Oct 2020,40000
2020,President,polls-plus,10/11/2020,Trump,Biden,"",.00125,.001275,,267,13:41:03 11 Oct 2020,40000
2020,President,polls-plus,10/11/2020,Trump,Biden,"",.00375,.0013,,266,13:41:03 11 Oct 2020,40000
2020,President,polls-plus,10/11/2020,Trump,Biden,"",.006575,.0013,,265,13:41:03 11 Oct 2020,40000
2020,President,polls-plus,10/11/2020,Trump,Biden,"",.004,.00245,,264,13:41:03 11 Oct 2020,40000
2020,President,polls-plus,10/11/2020,Trump,Biden,"",.0017,.0037,,263,13:41:03 11 Oct 2020,40000
2020,President,polls-plus,10/11/2020,Trump,Biden,"",.001425,.003775,,262,13:41:03 11 Oct 2020,40000
2020,President,polls-plus,10/11/2020,Trump,Biden,"",.001825,.00095,,261,13:41:03 11 Oct 2020,40000
2020,President,polls-plus,10/11/2020,Trump,Biden,"",.008275,.000825,,260,13:41:03 11 Oct 2020,40000
2020,President,polls-plus,10/11/2020,Trump,Biden,"",.000175,0,,26,13:41:03 11 Oct 2020,40000
2020,President,polls-plus,10/11/2020,Trump,Biden,"",.0158,.00295,,259,13:41:03 11 Oct 2020,40000
2020,President,polls-plus,10/11/2020,Trump,Biden,"",.005375,.00325,,258,13:41:03 11 Oct 2020,40000
2020,President,polls-plus,10/11/2020,Trump,Biden,"",.001475,.0011,,257,13:41:03 11 Oct 2020,40000
2020,President,polls-plus,10/11/2020,Trump,Biden,"",.0026,.00185,,256,13:41:03 11 Oct 2020,40000
2020,President,polls-plus,10/11/2020,Trump,Biden,"",.002775,.001075,,255,13:41:03 11 Oct 2020,40000
2020,President,polls-plus,10/11/2020,Trump,Biden,"",.0028,.001875,,254,13:41:03 11 Oct 2020,40000
2020,President,polls-plus,10/11/2020,Trump,Biden,"",.0022,.002875,,253,13:41:03 11 Oct 2020,40000
2020,President,polls-plus,10/11/2020,Trump,Biden,"",.00215,.0029,,252,13:41:03 11 Oct 2020,40000
2020,President,polls-plus,10/11/2020,Trump,Biden,"",.002225,.000675,,251,13:41:03 11 Oct 2020,40000
2020,President,polls-plus,10/11/2020,Trump,Biden,"",.002775,.000725,,250,13:41:03 11 Oct 2020,40000
2020,President,polls-plus,10/11/2020,Trump,Biden,"",.00015,0,,25,13:41:03 11 Oct 2020,40000
2020,President,polls-plus,10/11/2020,Trump,Biden,"",.00445,.00205,,249,13:41:03 11 Oct 2020,40000
2020,President,polls-plus,10/11/2020,Trump,Biden,"",.00725,.00335,,248,13:41:03 11 Oct 2020,40000
2020,President,polls-plus,10/11/2020,Trump,Biden,"",.002825,.001775,,247,13:41:03 11 Oct 2020,40000
2020,President,polls-plus,10/11/2020,Trump,Biden,"",.002375,.001525,,246,13:41:03 11 Oct 2020,40000
2020,President,polls-plus,10/11/2020,Trump,Biden,"",.00395,.0015,,245,13:41:03 11 Oct 2020,40000
2020,President,polls-plus,10/11/2020,Trump,Biden,"",.006725,.0019,,244,13:41:03 11 Oct 2020,40000
2020,President,polls-plus,10/11/2020,Trump,Biden,"",.003875,.003225,,243,13:41:03 11 Oct 2020,40000
2020,President,polls-plus,10/11/2020,Trump,Biden,"",.00185,.003975,,242,13:41:03 11 Oct 2020,40000
2020,President,polls-plus,10/11/2020,Trump,Biden,"",.00385,.00085,,241,13:41:03 11 Oct 2020,40000
2020,President,polls-plus,10/11/2020,Trump,Biden,"",.004925,.00085,,240,13:41:03 11 Oct 2020,40000
2020,President,polls-plus,10/11/2020,Trump,Biden,"",.000175,0,,24,13:41:03 11 Oct 2020,40000
2020,President,polls-plus,10/11/2020,Trump,Biden,"",.00185,.0012,,239,13:41:03 11 Oct 2020,40000
2020,President,polls-plus,10/11/2020,Trump,Biden,"",.001525,.002525,,238,13:41:03 11 Oct 2020,40000
2020,President,polls-plus,10/11/2020,Trump,Biden,"",.002025,.00175,,237,13:41:03 11 Oct 2020,40000
2020,President,polls-plus,10/11/2020,Trump,Biden,"",.002875,.001775,,236,13:41:03 11 Oct 2020,40000
2020,President,polls-plus,10/11/2020,Trump,Biden,"",.002725,.000775,,235,13:41:03 11 Oct 2020,40000
2020,President,polls-plus,10/11/2020,Trump,Biden,"",.00335,.00135,,234,13:41:03 11 Oct 2020,40000
2020,President,polls-plus,10/11/2020,Trump,Biden,"",.002775,.001675,,233,13:41:03 11 Oct 2020,40000
2020,President,polls-plus,10/11/2020,Trump,Biden,"",.001775,.002725,,232,13:41:03 11 Oct 2020,40000
2020,President,polls-plus,10/11/2020,Trump,Biden,"",.004775,.00075,,231,13:41:03 11 Oct 2020,40000
2020,President,polls-plus,10/11/2020,Trump,Biden,"",.010525,.000775,,230,13:41:03 11 Oct 2020,40000
2020,President,polls-plus,10/11/2020,Trump,Biden,"",.000325,0,,23,13:41:03 11 Oct 2020,40000
2020,President,polls-plus,10/11/2020,Trump,Biden,"",.00415,.00105,,229,13:41:03 11 Oct 2020,40000
2020,President,polls-plus,10/11/2020,Trump,Biden,"",.002,.002275,,228,13:41:03 11 Oct 2020,40000
2020,President,polls-plus,10/11/2020,Trump,Biden,"",.001375,.001875,,227,13:41:03 11 Oct 2020,40000
2020,President,polls-plus,10/11/2020,Trump,Biden,"",.0034,.003375,,226,13:41:03 11 Oct 2020,40000
2020,President,polls-plus,10/11/2020,Trump,Biden,"",.005575,.0009,,225,13:41:03 11 Oct 2020,40000
2020,President,polls-plus,10/11/2020,Trump,Biden,"",.0043,.0007,,224,13:41:03 11 Oct 2020,40000
2020,President,polls-plus,10/11/2020,Trump,Biden,"",.00415,.0011,,223,13:41:03 11 Oct 2020,40000
2020,President,polls-plus,10/11/2020,Trump,Biden,"",.003575,.002025,,222,13:41:03 11 Oct 2020,40000
2020,President,polls-plus,10/11/2020,Trump,Biden,"",.002925,.001225,,221,13:41:03 11 Oct 2020,40000
2020,President,polls-plus,10/11/2020,Trump,Biden,"",.0073,.0016,,220,13:41:03 11 Oct 2020,40000
2020,President,polls-plus,10/11/2020,Trump,Biden,"",.000125,0,,22,13:41:03 11 Oct 2020,40000
2020,President,polls-plus,10/11/2020,Trump,Biden,"",.021775,.00115,,219,13:41:03 11 Oct 2020,40000
2020,President,polls-plus,10/11/2020,Trump,Biden,"",.004425,.001175,,218,13:41:03 11 Oct 2020,40000
2020,President,polls-plus,10/11/2020,Trump,Biden,"",.0018,.001225,,217,13:41:03 11 Oct 2020,40000
2020,President,polls-plus,10/11/2020,Trump,Biden,"",.00435,.002775,,216,13:41:03 11 Oct 2020,40000
2020,President,polls-plus,10/11/2020,Trump,Biden,"",.0095,.00075,,215,13:41:03 11 Oct 2020,40000
2020,President,polls-plus,10/11/2020,Trump,Biden,"",.0056,.0002,,214,13:41:03 11 Oct 2020,40000
2020,President,polls-plus,10/11/2020,Trump,Biden,"",.0043,.0011,,213,13:41:03 11 Oct 2020,40000
2020,President,polls-plus,10/11/2020,Trump,Biden,"",.00385,.0033,,212,13:41:03 11 Oct 2020,40000
2020,President,polls-plus,10/11/2020,Trump,Biden,"",.002775,.000675,,211,13:41:03 11 Oct 2020,40000
2020,President,polls-plus,10/11/2020,Trump,Biden,"",.0022,.003525,,210,13:41:03 11 Oct 2020,40000
2020,President,polls-plus,10/11/2020,Trump,Biden,"",.00015,0,,21,13:41:03 11 Oct 2020,40000
2020,President,polls-plus,10/11/2020,Trump,Biden,"",.00335,.000725,,209,13:41:03 11 Oct 2020,40000
2020,President,polls-plus,10/11/2020,Trump,Biden,"",.00355,.0006,,208,13:41:03 11 Oct 2020,40000
2020,President,polls-plus,10/11/2020,Trump,Biden,"",.00215,.00145,,207,13:41:03 11 Oct 2020,40000
2020,President,polls-plus,10/11/2020,Trump,Biden,"",.00235,.000425,,206,13:41:03 11 Oct 2020,40000
2020,President,polls-plus,10/11/2020,Trump,Biden,"",.00545,.000725,,205,13:41:03 11 Oct 2020,40000
2020,President,polls-plus,10/11/2020,Trump,Biden,"",.014725,.00035,,204,13:41:03 11 Oct 2020,40000
2020,President,polls-plus,10/11/2020,Trump,Biden,"",.00815,.0028,,203,13:41:03 11 Oct 2020,40000
2020,President,polls-plus,10/11/2020,Trump,Biden,"",.001975,.000625,,202,13:41:03 11 Oct 2020,40000
2020,President,polls-plus,10/11/2020,Trump,Biden,"",.00725,.004575,,201,13:41:03 11 Oct 2020,40000
2020,President,polls-plus,10/11/2020,Trump,Biden,"",.0045,.000725,,200,13:41:03 11 Oct 2020,40000
2020,President,polls-plus,10/11/2020,Trump,Biden,"",.0001,0,,20,13:41:03 11 Oct 2020,40000
2020,President,polls-plus,10/11/2020,Trump,Biden,"",.000025,0,,2,13:41:03 11 Oct 2020,40000
2020,President,polls-plus,10/11/2020,Trump,Biden,"",.004625,.000525,,199,13:41:03 11 Oct 2020,40000
2020,President,polls-plus,10/11/2020,Trump,Biden,"",.005375,.00125,,198,13:41:03 11 Oct 2020,40000
2020,President,polls-plus,10/11/2020,Trump,Biden,"",.0075,.000375,,197,13:41:03 11 Oct 2020,40000
2020,President,polls-plus,10/11/2020,Trump,Biden,"",.005375,.0018,,196,13:41:03 11 Oct 2020,40000
2020,President,polls-plus,10/11/2020,Trump,Biden,"",.0048,.00045,,195,13:41:03 11 Oct 2020,40000
2020,President,polls-plus,10/11/2020,Trump,Biden,"",.007175,.001,,194,13:41:03 11 Oct 2020,40000
2020,President,polls-plus,10/11/2020,Trump,Biden,"",.002375,.000425,,193,13:41:03 11 Oct 2020,40000
2020,President,polls-plus,10/11/2020,Trump,Biden,"",.0031,.0004,,192,13:41:03 11 Oct 2020,40000
2020,President,polls-plus,10/11/2020,Trump,Biden,"",.00355,.000275,,191,13:41:03 11 Oct 2020,40000
2020,President,polls-plus,10/11/2020,Trump,Biden,"",.005375,.00065,,190,13:41:03 11 Oct 2020,40000
2020,President,polls-plus,10/11/2020,Trump,Biden,"",.0001,0,,19,13:41:03 11 Oct 2020,40000
2020,President,polls-plus,10/11/2020,Trump,Biden,"",.00265,.001075,,189,13:41:03 11 Oct 2020,40000
2020,President,polls-plus,10/11/2020,Trump,Biden,"",.010925,.001325,,188,13:41:03 11 Oct 2020,40000
2020,President,polls-plus,10/11/2020,Trump,Biden,"",.003825,.000225,,187,13:41:03 11 Oct 2020,40000
2020,President,polls-plus,10/11/2020,Trump,Biden,"",.010575,.0001,,186,13:41:03 11 Oct 2020,40000
2020,President,polls-plus,10/11/2020,Trump,Biden,"",.011525,.00035,,185,13:41:03 11 Oct 2020,40000
2020,President,polls-plus,10/11/2020,Trump,Biden,"",.002325,.0002,,184,13:41:03 11 Oct 2020,40000
2020,President,polls-plus,10/11/2020,Trump,Biden,"",.001925,.00105,,183,13:41:03 11 Oct 2020,40000
2020,President,polls-plus,10/11/2020,Trump,Biden,"",.0064,.000325,,182,13:41:03 11 Oct 2020,40000
2020,President,polls-plus,10/11/2020,Trump,Biden,"",.005975,.000325,,181,13:41:03 11 Oct 2020,40000
2020,President,polls-plus,10/11/2020,Trump,Biden,"",.008725,.000125,,180,13:41:03 11 Oct 2020,40000
2020,President,polls-plus,10/11/2020,Trump,Biden,"",.000225,0,,18,13:41:03 11 Oct 2020,40000
2020,President,polls-plus,10/11/2020,Trump,Biden,"",.02135,.0001,,179,13:41:03 11 Oct 2020,40000
2020,President,polls-plus,10/11/2020,Trump,Biden,"",.0031,.000175,,178,13:41:03 11 Oct 2020,40000
2020,President,polls-plus,10/11/2020,Trump,Biden,"",.00285,.0001,,177,13:41:03 11 Oct 2020,40000
2020,President,polls-plus,10/11/2020,Trump,Biden,"",.008575,.0008,,176,13:41:03 11 Oct 2020,40000
2020,President,polls-plus,10/11/2020,Trump,Biden,"",.00265,.000375,,175,13:41:03 11 Oct 2020,40000
2020,President,polls-plus,10/11/2020,Trump,Biden,"",.004425,.000225,,174,13:41:03 11 Oct 2020,40000
2020,President,polls-plus,10/11/2020,Trump,Biden,"",.0043,.000075,,173,13:41:03 11 Oct 2020,40000
2020,President,polls-plus,10/11/2020,Trump,Biden,"",.00175,.00025,,172,13:41:03 11 Oct 2020,40000
2020,President,polls-plus,10/11/2020,Trump,Biden,"",.002525,.000025,,171,13:41:03 11 Oct 2020,40000
2020,President,polls-plus,10/11/2020,Trump,Biden,"",.010325,.000025,,170,13:41:03 11 Oct 2020,40000
2020,President,polls-plus,10/11/2020,Trump,Biden,"",.000175,0,,17,13:41:03 11 Oct 2020,40000
2020,President,polls-plus,10/11/2020,Trump,Biden,"",.006075,.000325,,169,13:41:03 11 Oct 2020,40000
2020,President,polls-plus,10/11/2020,Trump,Biden,"",.0016,0,,168,13:41:03 11 Oct 2020,40000
2020,President,polls-plus,10/11/2020,Trump,Biden,"",.002525,.0001,,167,13:41:03 11 Oct 2020,40000
2020,President,polls-plus,10/11/2020,Trump,Biden,"",.00445,.000025,,166,13:41:03 11 Oct 2020,40000
2020,President,polls-plus,10/11/2020,Trump,Biden,"",.00245,.000025,,165,13:41:03 11 Oct 2020,40000
2020,President,polls-plus,10/11/2020,Trump,Biden,"",.013275,.00015,,164,13:41:03 11 Oct 2020,40000
2020,President,polls-plus,10/11/2020,Trump,Biden,"",.025375,.000075,,163,13:41:03 11 Oct 2020,40000
2020,President,polls-plus,10/11/2020,Trump,Biden,"",.001975,.000225,,162,13:41:03 11 Oct 2020,40000
2020,President,polls-plus,10/11/2020,Trump,Biden,"",.00305,.0001,,161,13:41:03 11 Oct 2020,40000
2020,President,polls-plus,10/11/2020,Trump,Biden,"",.009625,.000075,,160,13:41:03 11 Oct 2020,40000
2020,President,polls-plus,10/11/2020,Trump,Biden,"",.000125,0,,16,13:41:03 11 Oct 2020,40000
2020,President,polls-plus,10/11/2020,Trump,Biden,"",.002175,.000075,,159,13:41:03 11 Oct 2020,40000
2020,President,polls-plus,10/11/2020,Trump,Biden,"",.0023,.000025,,158,13:41:03 11 Oct 2020,40000
2020,President,polls-plus,10/11/2020,Trump,Biden,"",.004925,.000075,,157,13:41:03 11 Oct 2020,40000
2020,President,polls-plus,10/11/2020,Trump,Biden,"",.001975,.000025,,156,13:41:03 11 Oct 2020,40000
2020,President,polls-plus,10/11/2020,Trump,Biden,"",.0024,.000075,,155,13:41:03 11 Oct 2020,40000
2020,President,polls-plus,10/11/2020,Trump,Biden,"",.0035,.00005,,154,13:41:03 11 Oct 2020,40000
2020,President,polls-plus,10/11/2020,Trump,Biden,"",.001875,.00005,,153,13:41:03 11 Oct 2020,40000
2020,President,polls-plus,10/11/2020,Trump,Biden,"",.001525,.000025,,152,13:41:03 11 Oct 2020,40000
2020,President,polls-plus,10/11/2020,Trump,Biden,"",.002575,.00005,,151,13:41:03 11 Oct 2020,40000
2020,President,polls-plus,10/11/2020,Trump,Biden,"",.0054,0,,150,13:41:03 11 Oct 2020,40000
2020,President,polls-plus,10/11/2020,Trump,Biden,"",.0002,0,,15,13:41:03 11 Oct 2020,40000
2020,President,polls-plus,10/11/2020,Trump,Biden,"",.001825,.000075,,149,13:41:03 11 Oct 2020,40000
2020,President,polls-plus,10/11/2020,Trump,Biden,"",.004225,.00005,,148,13:41:03 11 Oct 2020,40000
2020,President,polls-plus,10/11/2020,Trump,Biden,"",.0032,0,,147,13:41:03 11 Oct 2020,40000
2020,President,polls-plus,10/11/2020,Trump,Biden,"",.001175,.000025,,146,13:41:03 11 Oct 2020,40000
2020,President,polls-plus,10/11/2020,Trump,Biden,"",.001575,0,,145,13:41:03 11 Oct 2020,40000
2020,President,polls-plus,10/11/2020,Trump,Biden,"",.004325,0,,144,13:41:03 11 Oct 2020,40000
2020,President,polls-plus,10/11/2020,Trump,Biden,"",.002075,.000025,,143,13:41:03 11 Oct 2020,40000
2020,President,polls-plus,10/11/2020,Trump,Biden,"",.003125,.000075,,142,13:41:03 11 Oct 2020,40000
2020,President,polls-plus,10/11/2020,Trump,Biden,"",.006825,.000025,,141,13:41:03 11 Oct 2020,40000
2020,President,polls-plus,10/11/2020,Trump,Biden,"",.001775,0,,140,13:41:03 11 Oct 2020,40000
2020,President,polls-plus,10/11/2020,Trump,Biden,"",.000225,0,,14,13:41:03 11 Oct 2020,40000
2020,President,polls-plus,10/11/2020,Trump,Biden,"",.001525,.00005,,139,13:41:03 11 Oct 2020,40000
2020,President,polls-plus,10/11/2020,Trump,Biden,"",.0046,.0001,,138,13:41:03 11 Oct 2020,40000
2020,President,polls-plus,10/11/2020,Trump,Biden,"",.0015,.00005,,137,13:41:03 11 Oct 2020,40000
2020,President,polls-plus,10/11/2020,Trump,Biden,"",.001775,0,,136,13:41:03 11 Oct 2020,40000
2020,President,polls-plus,10/11/2020,Trump,Biden,"",.002325,.000025,,135,13:41:03 11 Oct 2020,40000
2020,President,polls-plus,10/11/2020,Trump,Biden,"",.001275,.000025,,134,13:41:03 11 Oct 2020,40000
2020,President,polls-plus,10/11/2020,Trump,Biden,"",.001475,0,,133,13:41:03 11 Oct 2020,40000
2020,President,polls-plus,10/11/2020,Trump,Biden,"",.007,0,,132,13:41:03 11 Oct 2020,40000
2020,President,polls-plus,10/11/2020,Trump,Biden,"",.004,0,,131,13:41:03 11 Oct 2020,40000
2020,President,polls-plus,10/11/2020,Trump,Biden,"",.00135,.000025,,130,13:41:03 11 Oct 2020,40000
2020,President,polls-plus,10/11/2020,Trump,Biden,"",.000125,0,,13,13:41:03 11 Oct 2020,40000
2020,President,polls-plus,10/11/2020,Trump,Biden,"",.0021,0,,129,13:41:03 11 Oct 2020,40000
2020,President,polls-plus,10/11/2020,Trump,Biden,"",.00205,0,,128,13:41:03 11 Oct 2020,40000
2020,President,polls-plus,10/11/2020,Trump,Biden,"",.00195,0,,127,13:41:03 11 Oct 2020,40000
2020,President,polls-plus,10/11/2020,Trump,Biden,"",.016275,.000025,,126,13:41:03 11 Oct 2020,40000
2020,President,polls-plus,10/11/2020,Trump,Biden,"",.0269,0,,125,13:41:03 11 Oct 2020,40000
2020,President,polls-plus,10/11/2020,Trump,Biden,"",.001575,0,,124,13:41:03 11 Oct 2020,40000
2020,President,polls-plus,10/11/2020,Trump,Biden,"",.005525,.000025,,123,13:41:03 11 Oct 2020,40000
2020,President,polls-plus,10/11/2020,Trump,Biden,"",.01665,0,,122,13:41:03 11 Oct 2020,40000
2020,President,polls-plus,10/11/2020,Trump,Biden,"",.001625,0,,121,13:41:03 11 Oct 2020,40000
2020,President,polls-plus,10/11/2020,Trump,Biden,"",.002525,.000025,,120,13:41:03 11 Oct 2020,40000
2020,President,polls-plus,10/11/2020,Trump,Biden,"",.00005,0,,12,13:41:03 11 Oct 2020,40000
2020,President,polls-plus,10/11/2020,Trump,Biden,"",.007075,0,,119,13:41:03 11 Oct 2020,40000
2020,President,polls-plus,10/11/2020,Trump,Biden,"",.00175,0,,118,13:41:03 11 Oct 2020,40000
2020,President,polls-plus,10/11/2020,Trump,Biden,"",.005425,.000025,,117,13:41:03 11 Oct 2020,40000
2020,President,polls-plus,10/11/2020,Trump,Biden,"",.009325,0,,116,13:41:03 11 Oct 2020,40000
2020,President,polls-plus,10/11/2020,Trump,Biden,"",.0027,0,,115,13:41:03 11 Oct 2020,40000
2020,President,polls-plus,10/11/2020,Trump,Biden,"",.001975,0,,114,13:41:03 11 Oct 2020,40000
2020,President,polls-plus,10/11/2020,Trump,Biden,"",.0074,0,,113,13:41:03 11 Oct 2020,40000
2020,President,polls-plus,10/11/2020,Trump,Biden,"",.0048,0,,112,13:41:03 11 Oct 2020,40000
2020,President,polls-plus,10/11/2020,Trump,Biden,"",.00335,.000025,,111,13:41:03 11 Oct 2020,40000
2020,President,polls-plus,10/11/2020,Trump,Biden,"",.005325,0,,110,13:41:03 11 Oct 2020,40000
2020,President,polls-plus,10/11/2020,Trump,Biden,"",.000175,0,,11,13:41:03 11 Oct 2020,40000
2020,President,polls-plus,10/11/2020,Trump,Biden,"",.003,0,,109,13:41:03 11 Oct 2020,40000
2020,President,polls-plus,10/11/2020,Trump,Biden,"",.002275,.000025,,108,13:41:03 11 Oct 2020,40000
2020,President,polls-plus,10/11/2020,Trump,Biden,"",.00455,0,,107,13:41:03 11 Oct 2020,40000
2020,President,polls-plus,10/11/2020,Trump,Biden,"",.003325,0,,106,13:41:03 11 Oct 2020,40000
2020,President,polls-plus,10/11/2020,Trump,Biden,"",.0015,0,,105,13:41:03 11 Oct 2020,40000
2020,President,polls-plus,10/11/2020,Trump,Biden,"",.0021,0,,104,13:41:03 11 Oct 2020,40000
2020,President,polls-plus,10/11/2020,Trump,Biden,"",.006075,.000025,,103,13:41:03 11 Oct 2020,40000
2020,President,polls-plus,10/11/2020,Trump,Biden,"",.002725,.000025,,102,13:41:03 11 Oct 2020,40000
2020,President,polls-plus,10/11/2020,Trump,Biden,"",.001875,0,,101,13:41:03 11 Oct 2020,40000
2020,President,polls-plus,10/11/2020,Trump,Biden,"",.00405,0,,100,13:41:03 11 Oct 2020,40000
2020,President,polls-plus,10/11/2020,Trump,Biden,"",.0001,0,,10,13:41:03 11 Oct 2020,40000
2020,President,polls-plus,10/11/2020,Trump,Biden,"",.000175,0,,1,13:41:03 11 Oct 2020,40000
2020,President,polls-plus,10/11/2020,Trump,Biden,"",0,0,,0,13:41:03 11 Oct 2020,40000
